country,city,reason,date
"Korea, Republic of",Seoul,Visit to Korean combat zone. [Visit made as President-elect.],"December 2–5, 1952"
Mexico,Nuevo Guerrero,Dedicated Falcon Dam.,19-Oct-53
Canada,Ottawa,State visit; addressed joint session of Parliament.,"November 13–15, 1953"
United Kingdom,Bermuda,Attended Bermuda Conference with Prime Minister Churchill and French President Laniel.,"December 4–8, 1953"
Switzerland,Geneva,"Summit conference with British Prime Minister Eden, French Premier Faure, and Soviet Premier Bulganin.","July 16–23, 1955"
Panama,Panama City,Attended a meeting of the Presidents of the American Republics.,"July 21–23, 1956"
United Kingdom,Bermuda,Met with Prime Minister Macmillan.,"March 20–24, 1957"
France,Paris,Attended meeting of NATO Heads of Government.,"December 14–19, 1957"
Canada,Ottawa,Informal visit; addressed joint session of Parliament.,"July 8–11, 1958"
Mexico,Acapulco,Informal meeting with President Lopez Mateos.,"February 19–20, 1959"
Canada,Montreal,Joined Queen Elizabeth II in ceremony opening St. Lawrence Seaway.,26-Jun-59
"Germany, Federal Republic of",Bonn,Informal meeting with Chancellor Adenauer and President Heuss.,"August 26–27, 1959"
United Kingdom,"London, Balmoral, Chequers",Informal visit; met Prime Minister Macmillan and Queen Elizabeth II.,"August 27–September 2, 1959"
France,Paris,Informal meeting with President De Gaulle and Italian Premier Segni. Addressed North Atlantic Council.,"September 2–4, 1959"
United Kingdom,Culzean Castle,Rested before returning to the United States.,"September 4–7, 1959"
Italy,Rome,Informal visit; met with President Gronchi.,"December 4–6, 1959"
Vatican City,,Audience with Pope John XXIII.,6-Dec-59
Turkey,Ankara,Informal visit; met with President Bayar.,"December 6–7, 1959"
Pakistan,Karachi,Informal visit; met with President Ayub Khan.,"December 7–9, 1959"
Afghanistan,Kabul,Informal visit; met with King Mohammed Zahir.,9-Dec-59
India,"New Delhi, Agra",Met with President Prasad and Prime Minister Nehru. Addressed Parliament.,"December 9–14, 1959"
Iran,Tehran,Met with Shah Mohammed Reza Pahlavi and addressed Parliament.,14-Dec-59
Greece,Athens,"Official visit; met with King Paul, Prime Minister Karamanlis, and addressed Parliament. Traveled by sea from Athens to Tunis.","December 14–15, 1959"
Tunisia,Tunis,Met with President Bourguiba.,17-Dec-59
France,"Toulon, Paris","Conference with President De Gaulle, British Prime Minister Macmillan, and German Chancellor Adenauer.","December 18–21, 1959"
Spain,Madrid,Met with Generalissimo Franco.,"December 21–22, 1959"
Morocco,Casablanca,Met with King Mohammed V.,22-Dec-59
Brazil,"Brasilia, Rio de Janeiro, Sao Paulo",Met with President Kubitschek and addressed Brazilian Congress.,"February 23–26, 1960"
Argentina,"Buenos Aires, Mar del Plata, San Carlos de Bariloche",Met with President Frondizi.,"February 26–29, 1960"
Chile,Santiago,Met with President Alessandri.,"February 29–March 2, 1960"
Uruguay,Montevideo,Met with President Nardone. Returned to the U.S. via Buenos Aires and Surinam.,"March 2–3, 1960"
France,Paris,"Conference with President De Gaulle, British Prime Minister Macmillan, and Soviet Premier Khrushchev.","May 15–19, 1960"
Portugal,Lisbon,Official visit; met with President Thomaz.,"May 19–20, 1960"
Philippines,Manila,State visit; met with President Garcia. Traveled by sea from Manila to Taipei.,"June 14–16, 1960"
Republic of China,Taipei,Met with President Chiang Kai-shek.,"June 18–19, 1960"
"Korea, Republic of",Seoul,Met with Prime Minister Huh Chung and addressed the National Assembly.,"June 19–20, 1960"
Mexico,Ciudad Acuna,Informal visit; met with President Lopez Mateos.,24-Oct-60
Canada,Ottawa,State visit; addressed joint session of Parliament.,"May 16–18, 1961"
France,Paris,State visit; addressed North Atlantic Council and met with President De Gaulle.,"May 31–June 3, 1961"
Austria,Vienna,Met with President Schaerf and held talks with Soviet Premier Khrushchev.,"June 3–4, 1961"
United Kingdom,London,Private visit; met with Queen Elizabeth II and Prime Minister Macmillan.,"June 4–5, 1961"
Venezuela,Caracas,Met with President Betancourt.,"December 16–17, 1961"
Colombia,Bogota,Met with President Lleras Camargo.,17-Dec-61
United Kingdom,Bermuda,Met with Prime Minister Macmillan.,"December 21–22, 1961"
Mexico,"Mexico, D.F.",State visit; met with President Lopez Mateos.,"June 29–July 1, 1962"
United Kingdom,Nassau (The Bahamas),Conferred with Prime Minister Macmillan; concluded Nassau agreement on nuclear defense systems.,"December 18–21, 1962"
Costa Rica,San Jose,Attended Conference of Presidents of the Central American Republics.,"March 18–20, 1963"
"Germany, Federal Republic of","Bonn, Cologne, Frankfurt, Wiesbaden",Met with Chancellor Adenauer and other officials.,"June 23–25, 1963"
Germany,West Berlin,Delivered several public addresses.,26-Jun-63
Ireland,"Dublin, Wexford, Cork, Galway, Limerick",Addressed Parliament and visited ancestral home.,"June 26–29, 1963"
United Kingdom,"Birch Grove, Sussex",Informal visit with Prime Minister Macmillan at his home.,"June 29–30, 1963"
Italy,"Rome, Naples","Met with President Segni, Italian and NATO officials.","July 1–2, 1963"
Vatican City,,Audience with Pope Paul VI.,2-Jul-63
Canada,Vancouver,Informal visit; met with Prime Minister Pearson in ceremonies related to the Columbia River Treaty.,16-Sep-64
Mexico,"Mexico, D.F.",Informal visit; met with President Gustavo Diaz Ordaz.,"April 14–15, 1966"
Canada,"Campobello Island, Chamcook",Laid cornerstone at Roosevelt-Campobello International Park and conferred informally with Prime Minister Pearson.,"August 21–22, 1966"
New Zealand,Wellington,State visit; met with Prime Minister Holyoake.,"October 19–20, 1966"
Australia,"Canberra, Melbourne, Sydney, Brisbane, Townsville",State visit; met with Governor General Casey and Prime Minister Holt.,"October 20–23, 1966"
Philippines,"Manila, Los Banos, Corregidor","Attended summit conference with the Heads of State and Government of Australia, Korea, New Zealand, the Philippines, Thailand, and Vietnam.","October 24–26, 1966"
Vietnam,Cam Ranh Bay,Visited U.S. military personnel.,26-Oct-66
Thailand,Bangkok,State visit; met with King Bhumibol Adulyadej.,"October 27–30, 1966"
Malaysia,Kuala Lumpur,State visit; met with Prime Minister Rahrman.,"October 30–31, 1966"
"Korea, Republic of","Seoul, Suwon",State visit; met with President Park Chung Hee and Prime Minister Chung Il-kwon.,"October 31–November 2, 1966"
Mexico,Ciudad Acuna,Informal meeting with President Diaz Ordaz. Inspected construction of Arnistad Dam.,3-Dec-66
Uruguay,Punta del Este,Summit meeting with Latin American chiefs of state.,"April 11–14, 1967"
Suriname,Paramaribo,Refueling stop en route from Uruguay.,14-Apr-67
Germany,Bonn,Attended funeral of Chancellor Adenauer and conversed with various heads of state.,"April 23–26, 1967"
Canada,"Montreal, Ottawa",Attended Expo 67 and conferred informally with Prime Minister Pearson.,25-May-67
Mexico,Ciudad Juarez,Attended transfer of El Chamizal from the US. to Mexico and conferred with President Diaz Ordaz.,28-Oct-67
Australia,Canberra,Attended funeral of Prime Minister Holt and conferred with other attending heads of state.,"December 21–22, 1967"
Thailand,Khorat,Visited US. military personnel.,23-Dec-67
Vietnam,Cam Ranh Bay,Visited U.S. military personnel.,23-Dec-67
Pakistan,Karachi,Met with President Ayub Khan.,23-Dec-67
Italy,Rome,Met with President Saragat and Prime Minister Moro.,23-Dec-67
Vatican City,,Audience with Pope Paul VI.,23-Dec-67
El Salvador,San Salvador,Attended meeting of the Presidents of Central American Republics.,8-Jul-68
Nicaragua,Managua,Informal visit; met with President Somoza.,8-Jul-68
Costa Rica,San Jose,Informal visit; met with President Trejos.,8-Jul-68
Honduras,San Pedro Sula,Informal visit; met with President Lopez Arrelano.,8-Jul-68
Guatemala,Guatemala City,Informal visit; met with President Mendez.,8-Jul-68
Belgium,Brussels,Attended 23d meeting of North Atlantic Council; met with King Baudouin I.,"February 23–24, 1969"
United Kingdom,London,Informal visit; held conversations with Prime Minister Wilson. Received by Queen Elizabeth II.,"February 24–26, 1969"
Germany,West Berlin,Addressed the Bundestag on February 26.,"February 26–27, 1969"
Italy,Rome,"Met with President Saragat, Prime Minister Rumor, and other officials.","February 27–28, 1969"
France,Paris,Met with President De Gaulle.,"February 28–March 2, 1969"
Vatican City,,Audience with Pope Paul VI.,2-Mar-69
Philippines,Manila,State visit; met with President Marcos.,"July 26–27, 1969"
Indonesia,Jakarta,State visit; met with President Suharto.,"July 27–28, 1969"
Thailand,Bangkok,State visit; met with King Bhumibol Adulyadej.,"July 28–30, 1969"
Vietnam,"Saigon, Di An",Met with President Thieu and visited U.S. military personnel.,30-Jul-69
India,New Delhi,State visit; met with Acting President Hidayatullah.,"July 31–August 1, 1969"
Pakistan,Lahore,State visit; met with President Yahya Khan.,"August 1–2, 1969"
Romania,Bucharest,Official visit; met with President Ceausescu.,"August 2–3, 1969"
United Kingdom,Mildenhall Air Force Base,Informal meeting with Prime Minister Wilson.,3-Aug-69
Mexico,Ciudad Acuna,Dedicated Aimistad Dam.,8-Sep-69
Mexico,Puerto Vallarta,Official visit; met with President Diaz Ordaz.,"August 20–21, 1970"
Italy,"Rome, Naples",Official visit; met with President Saragat; visited NATO Southern Command.,"September 27–30, 1970"
Vatican City,,Audience with Pope Paul VI.,28-Sep-70
Yugoslavia,Belgrade,State visit; met with President Tito.,"September 30–October 2, 1970"
Spain,Madrid,State visit; met with Generalissimo Franco.,"October 2–3, 1970"
United Kingdom,Chequers,Met informally with Queen Elizabeth II and Prime Minister Heath.,3-Oct-70
Ireland,"Limerick, Timahoe, Dublin",State visit; met with Prime Minister Lynch.,"October 3–5, 1970"
France,Paris,Attended memorial services for former President De Gaulle.,12-Nov-70
Portugal,Terceira Island (Azores),Discussed international monetary problems with French President Pompidou and Portuguese Prime Minister Caetano.,"December 13–14, 1971"
United Kingdom,Bermuda,Met with British Prime Minister Heath.,"December 20–21, 1971"
"China, People’s Republic of","Shanghai, Peking, Hangchow",State visit; met with Chairman Mao Tse-tung and Premier Chou En-lai.,"February 21–28, 1972"
Canada,Ottawa,State visit; met with Governor General Michener and Prime Minister Trudeau; addressed Parliament.,"April 13–15, 1972"
Austria,Salzburg,Informal visit; met with Chancellor Kreisky.,"May 20–22, 1972"
U.S.S.R.,"Moscow, Leningrad, Kiev",State visit; met with Premier Kosygin and General Secretary Brezhnev. Signed SALT I and ABM Treaties.,"May 22–30, 1972"
Iran,Tehran,Official visit; met with Shah Mohammed Reza Pahlavi.,"May 30–31, 1972"
Poland,Warsaw,Official visit; met with First Secretary Gierek.,"May 31–June 1, 1972"
Iceland,Reykjavik,"Met with President Eldjarn and Prime Minister Johanneson, and French President Pompidou.","May 31–June 1, 1973"
France,Paris,"Attended memorial services for former President Pompidou. Met afterward with interim President Poher, Italian Prime Minister Leone, British Prime Minister Wilson, West German Chancellor Brandt, Danish Prime Minister Hartling, Soviet President Podgorny, and Japanese Prime Minister Tanaka.","April 5–7, 1974"
Austria,Salzburg,Met with Chancellor Kreisky.,"June 10–12, 1974"
Egypt,"Cairo, Alexandria",Met with President Sadat.,"June 12–14, 1974"
Saudi Arabia,Jidda,Met with King Faisal.,"June 14–15, 1974"
Syria,Damascus,Met with President Assad.,"June 15–16, 1974"
Israel,"Tel Aviv, Jerusalem",Met with President Katzir and Prime Minister Rabin.,"June 16–17, 1974"
Jordan,Amman,State visit; met with King Hussein.,"June 17–18, 1974"
Portugal,Lajes Field (The Azores),Met with President Spinola.,"June 18–19, 1974"
Belgium,Brussels,"Attended North Atlantic Council meeting, and met separately with King Baudonin and Queen Fabiola, Prime Minister Tindemans; and with German Chancellor Schmidt, British Prime Minister Wilson, and Italian Prime Minister Rumor.","June 25–26, 1974"
U.S.S.R.,"Moscow, Minsk, Oreanda","Official visit; met with General Secretary Brezhnev, President Podgorny, and Premier Kosygin.","June 27–July 3, 1974"
Mexico,"Nogales, Magdalena de Kino",Met with President Echeverria and laid a wreath at the tomb of Padre Eusebio Kino.,21-Oct-74
Japan,"Tokyo, Kyoto",State visit; met with Prime Minister Tanaka.,"November 18–22, 1974"
"Korea, Republic of",Seoul,Met with President Park Chung Hee.,"November 22–23, 1974"
U.S.S.R.,Vladivostok,Met with General Secretary Brezhnev and discussed limitations of strategic arms.,"November 23–24, 1974"
France,Martinique,Met with President Giscard d'Estaing.,"December 14–16, 1974"
Belgium,Brussels,"Attended NATO summit meeting, addressed the North Atlantic Council, and met separately with NATO Heads of State and Government.","May 28–31, 1975"
Spain,Madrid,Met with Generalissimo Franco. Received keys to city from Mayor of Madrid.,"May 31–June 1, 1975"
Austria,Salzburg,Met with Chancellor Kreisky and with Egyptian President Sadat.,"June 1–3, 1975"
Italy,Rome,Met with President Leone and Prime Minister Moro.,3-Jun-75
Vatican City,,Audience with Pope Paul VI.,3-Jun-75
"Germany, Federal Republic of","Bonn, Linz",Met with President Scheel and Chancellor Schmidt.,"July 26–28, 1975"
Poland,"Warsaw, Krakow",Official visit; met with First Secretary Gierek.,"July 28–29, 1975"
Finland,Helsinki,"Attended opening session of the Conference on Security and Cooperation in Europe. Met with the Heads of State and Government of Finland, Great Britain, Turkey, West Germany, France, Italy, and Spain. Also met with Soviet General Secretary Brezhnev. Signed the Final Act of the Conference on August 1.","July 29–August 2, 1975"
Romania,"Bucharest, Sinaia",Official visit; met with President Ceausescu.,"August 2–3, 1975"
Yugoslavia,Belgrade,Official visit; met with President Tito and Prime Minister Bijedic.,"August 3–4, 1975"
France,Rambouillet,"Attended Economic Summit meeting of the Heads of State and Government of France, the Federal Republic of Germany, Italy, Japan, and the United Kingdom.","November 15–17, 1975"
"China, People’s Republic of",Peking,Official visit; met with Chairman Mao Tse-tung and Vice Premier Teng Hsiao-ping.,"December 1–5, 1975"
Indonesia,Jakarta,Official visit; met with President Suharto.,"December 5–6, 1975"
Philippines,Manila,Official visit; met with President Marcos.,"December 6–7, 1975"
United Kingdom,"London, Newcastle","Attended Economic Summit Meeting May 7-8 of the Heads of State and Government of Canada, France, the Federal Republic of Germany, Italy, Japan, and the United Kingdom. Also met with the Prime Ministers of Greece, Belgium, Turkey, Norway, the Netherlands, and Luxembourg, and with the President of Portugal. Addressed NATO Ministers meeting on May 10.","May 5–10, 1977"
Switzerland,Geneva,Official visit; met with President Furgler. Also met with Syrian President Assad.,9-May-77
Poland,Warsaw,Official visit; met with First Secretary Gierek.,"December 29–31, 1977"
Iran,Tehran,Official visit; met with Shah Mohammed Reza Pahlavi and King Hussein of Jordan.,"December 31, 1977–January 1, 1978"
India,"New Delhi, Daulatpur-Nasirabad",Met with President Reddy and Prime Minister Desai. Addressed Parliament.,"January 1–3, 1978"
Saudi Arabia,Riyadh,Met with King Khalid and Crown Prince Fahd.,"January 3–4, 1978"
Egypt,Aswan,Met with President Sadat and German Chancellor Schmidt.,4-Jan-78
France,"Paris, Normandy, Bayeux, Versailles",Met with President Giscard d'Estaing and Prime Minister Barre.,"January 4–6, 1978"
Belgium,Brussels,Met with King Baudouin and Prime Minister Tindemans; attended meetings of the Commission of the European Communities and the North Atlantic Council.,6-Jan-78
Venezuela,Caracas,"Met with President Perez, addressed Congress, and signed maritime boundary agreement.","March 28–29, 1978"
Brazil,"Brasilia, Rio de Janeiro",Official visit; met with President Geisel and addressed Brazilian Congress.,"March 29–31, 1978"
Nigeria,Lagos,Met with President Obasanjo; first State visit of a U.S. President to sub-Saharan Africa.,"March 31–April 3, 1978"
Liberia,Monrovia,Met with President Tolbert.,3-Apr-78
Panama,Panama City,"Invited by President Lakas and General Torrijos to sign protocol confirming exchange of documents ratifying Panama Canal treaties. Also met informally with Presidents Perez of Venezuela, Lopez Michelson of Colombia, Lopez Portillo of Mexico, Carazo of Costa Rica, and Prime Minister Manley of Jamaica.","June 16–17, 1978"
"Germany, Federal Republic of","Bonn, Wiesbaden-Erbenheim Air Base, Frankfurt",State visit; met with President Scheel and Chancellor Schmidt. Addressed U.S. and German military personnel.,"July 14–15, 1978"
Germany,West Berlin,Spoke at the Airlift Memorial.,15-Jul-78
"Germany, Federal Republic of",Bonn,"Attended Economic Summit Meeting of the Heads of State and Government of France, the Federal Republic of Germany, Canada, Italy, Japan, and the United Kingdom.","July 16–17, 1978"
France,Guadeloupe,"Met informally with President Giscard d'Estaing, German Chancellor Schmidt, and British Prime Minister Callaghan.","January 4–9, 1979"
Mexico,"Mexico, D.F.",State visit; met with President Lopez Portillo and addressed the Mexican Congress.,"February 14–16, 1979"
Egypt,"Cairo, Alexandria, Giza",State visit; met with President Sadat and addressed People's Assembly.,"March 7–10, 1979"
Israel,"Tel Aviv, Jerusalem",State visit; met with President Navon and Prime Minister Begin. Addressed the Knesset.,"March 10–13, 1979"
Egypt,Cairo,Met with President Sadat.,13-Mar-79
Austria,Vienna,State visit; met with President Kirchschlaeger and Chancellor Kreisky. Met with Soviet General Secretary Brezhnev to sign SALT II Treaty June 16-18.,"June 14–18, 1979"
Japan,"Tokyo, Shimoda","State visit; met with Emperor Hirohito and Prime Minister Ohira. Attended Economic Summit Meeting June 28-29 of the Heads of State and Government of Canada, France, the Federal Republic of Germany, Italy, Japan, and the United Kingdom.","June 24–29, 1979"
"Korea, Republic of",Seoul,State visit; met with President Park Chung Hee and Prime Minister Choi Kyu Hah.,"June 29–July 1, 1979"
Italy,"Rome, Venice","State visit; met with President Pertini. Attended Economic Summit Conference June 21-24 of the Heads of State and Government of Canada, France, the Federal Republic of Germany, Italy, Japan, and the United Kingdom.","June 19–24, 1980"
Vatican City,,Audience with Pope John Paul II.,21-Jun-80
Yugoslavia,Belgrade,Official visit; met with President Mijatovic.,"June 24–25, 1980"
Spain,Madrid,Official visit; met with King Juan Carlos I and Prime Minister Suarez.,"June 25–26, 1980"
Portugal,Lisbon,Official visit; met with President Eanes and Prime Minister Sa Carneiro.,26-Jun-80
Japan,Tokyo,"Official visit; attended memorial services for former Prime Minister Ohira; met with Emperor Hirohito, President Ziaur Rahman of Bangladesh, Prime Minister Fraser of Australia, Prime Minister Prem of Thailand, and Premier Hua Guofeng of China.",
Mexico,Ciudad Juarez,Met with President Lopez Portillo. [Visit made as President-elect.],5-Jan-81
Canada,Ottawa,State visit; met with Prime Minister Trudeau and addressed Parliament.,"March 10–11, 1981"
Canada,Ottawa,"Attended Economic Summit Conference of the Heads of State and Government of Canada, France, the Federal Republic of Germany, Italy, Japan, and the United Kingdom.","July 19–21, 1981"
Mexico,Cancun,"Attended Summit Meeting on International Cooperation and Development. Met with the Heads of State and Government of Algeria, Bangladesh, Canada, China, France, Guyana, India, Japan, Mexico, Nigeria, the Philippines, Saudi Arabia, Sweden, Tanzania, the United Kingdom, Venezuela, and Yugoslavia.","October 21–24, 1981"
Jamaica,Kingston,Official visit; met with Prime Minister Seaga.,"April 7–8, 1982"
Barbados,Bridgetown,"Official visit; met April 8 with the Prime Ministers of Barbados, Antigua and Barbuda, Dominica, St. Christopher and Nevis, and St. Vincent and the Grenadines.","April 8–11, 1982"
France,Paris,State visit; met with President Mitterrand and Prime Minister Mauroy.,"June 2–7, 1982"
France,Versailles,"Attended Economic Summit Meeting of the Heads of State and Government of Canada, France, the Federal Republic of Germany, Italy, Japan, and the United Kingdom.","June 5–6, 1982"
Italy,Rome,State visit; met with President Pertini and Premier Spadolini.,7-Jun-82
Vatican City,,Audience with Pope John Paul II.,7-Jun-82
United Kingdom,"London, Windsor Castle",State visit; met with Queen Elizabeth II and Prime Minister Thatcher. Addressed Parliament.,"June 7–9, 1982"
"Germany, Federal Republic of",Bonn,State visit; met with Chancellor Schmidt and President Carstens; addressed the Bundestag; and attended a meeting of the North Atlantic Council.,"June 9–11, 1982"
Germany,West Berlin,Met with Chancellor Schmidt.,11-Jun-82
Mexico,Tijuana,Exchange of visits with President-elect de la Madrid.,8-Oct-82
Brazil,"Brasilia, Sao Paulo",Official working visit; met with President Figueiredo.,"November 30–December 3, 1982"
Colombia,Bogota,Official working visit; met with President Betancur.,3-Dec-82
Costa Rica,San Jose,Official working visit; met with President Monge and President Magana of El Salvador.,"December 3–4, 1982"
Honduras,San Pedro Sula,Official working visit; met with President Suazo and with Guatemalan President Rios Montt.,4-Dec-82
Mexico,La Paz (Baja California),Informal meeting with President de la Madrid.,14-Aug-83
Japan,Tokyo,"State visit; met with Emperor Hirhito and Prime Minister Nakasone, and addressed the Diet.","November 9–12, 1983"
"Korea, Republic of","Seoul, Demilitarized Zone","State visit; met with President Chun, addressed the National Assembly, and visited U.S. troops.","November 12–14, 1983"
"China, People’s Republic of","Beijing, Xian, Shanghai",State visit; met with President Li and Premier Zhao.,"April 26–May 1, 1984"
Ireland,"Shannon, Galway, Ballyporeen, Dublin",Met with President Hillery and Prime Minister FitzGerald; visited ancestral home; addressed Parliament.,"June 1–4, 1984"
United Kingdom,London,"Met with Queen Elizabeth II and Prime Minister Thatcher. Attended Economic Summit Meeting June 7-9 of the Heads of State and Government of Canada, France, the Federal Republic of Germany, Italy, Japan, and the United Kingdom.","June 4–10, 1984"
France,Normandy,"Attended commemorative ceremonies of the 40th anniversary of the Allied landing in Normandy. Also present were Prime Minister Trudeau of Canada, Queen Beatrix of the Netherlands, King Olav V of Norway, King Baudouin I of Belgium, President Mitterrand of France, Queen Elizabeth II of the United Kingdom, and Grand Duke Jean of Luxembourg.",6-Jun-84
Canada,Quebec,Met with Prime Minister Mulroney.,"March 17–18, 1985"
"Germany, Federal Republic of",Bonn,"Attended Economic Summit Meeting of the Heads of State and Government of Canada, France, the Federal Republic of Germany, Italy, Japan, and the United Kingdom.","April 30–May 4, 1985"
"Germany, Federal Republic of","Bonn, Bergen-Belsen, Bitburg, Hambach Castle",State visit; attended ceremonies commemorating 40th anniversary of the end of World War II in Europe.,"May 5–6, 1985"
Spain,Madrid,State visit; met with King Juan Carlos I and President Gonzalez.,"May 6–8, 1985"
France,Strasbourg,Addressed the European Parliament.,8-May-85
Portugal,Lisbon,State visit; met with President Eanes and Prime Minister Soares; addressed the National Assembly.,"May 8–10, 1985"
Switzerland,Geneva,Attended Summit Meeting (November 19-21) with Soviet General Secretary Gorbachev. Met also with Swiss President Furgler.,"November 16–21, 1985"
Belgium,Brussels,"Briefed North Atlantic Council on Soviet summit Present were the Heads of State and Government of Belgium, Canada, Denmark, Federal Republic of Germany, Italy, the Netherlands, Norway, Luxembourg, Portugal, Turkey, and the United Kingdom.",21-Nov-85
Mexico,Mexicali,Informal meeting with President de La Madrid.,3-Jan-86
Grenada,St. George's,"Met with Governor General Scoon and Prime Minister Blaize, and with the Prime Ministers of Dominica, Jamaica, St. Lucia, St. Christopher and Nevis, St. Vincent and the Grenadines, Antigua and Barbuda, Trinidad and Tobago, and Barbados. Dedicated a memorial to U.S. servicemen.",20-Feb-86
Indonesia,Bali,Attended an ASEAN Ministerial meeting; met with Indonesian President Soeharto and Philippine Vice President Laurel.,"April 29–May 2, 1986"
Japan,Tokyo,"Attended Economic Summit Meeting of the Heads of State and Government of Canada, France, the Federal Republic of Germany, Italy, Japan, and the United Kingdom.","May 2–7, 1986"
Iceland,Reykjavik,Pre-Summit meeting (October 10-11) with Soviet General Secretary Gorbachev. Met with President Finnbogadottir October 10.,"October 9–12, 1986"
Canada,Ottawa,Official visit; met with Prime Minister Mulroney. Addressed Parliament April 6.,"April 4–6, 1987"
Italy,"Venice, Rome","Attended Economic Summit Meeting (June 8-10) of the Heads of State and Government of Canada, France, the Federal Republic of Germany, Italy, Japan, and the United Kingdom. Met with President Cossiga and Prime Minister Fanfani in Rome on June 6.","June 3–11, 1987"
Vatican City,,Audience with Pope John Paul II.,6-Jun-87
Germany,West Berlin,Attended 750th Anniversary celebrations; met with Chancellor Kohl.,"June 11–12, 1987"
"Germany, Federal Republic of",Bonn,Met with Chancellor Kohl.,12-Jun-87
Mexico,Mazatlan,Informal meeting with President de la Madrid. Signed textile agreement.,13-Feb-88
Belgium,Brussels,"Attended NATO Summit Meeting. Present were the Heads of State and Government of Canada, Denmark, France, Federal Republic of Germany, Greece, Iceland, Italy, Luxembourg, Norway, Portugal, Spain, Turkey, and the United Kingdom.","March 1–3, 1988"
Finland,Helsinki,Met with President Koivisto and Prime Minister Holkeri; rested en route to U.S.-Soviet Summit.,"May 25–29, 1988"
U.S.S.R.,Moscow,Summit meeting with General Secretary Gorbachev. Exchanged ratifications of the INF Treaty.,"May 29–June 2, 1988"
United Kingdom,London,"Met with Queen Elizabeth II, Prime Minister Thatcher, and Japanese Prime Minister Takeshita.","June 2–3, 1988"
Canada,Toronto,"Attended Economic Summit Meeting of the Heads of State and Government of Canada, France, the Federal Republic of Germany, Italy, Japan, and the United Kingdom.","June 19–21, 1988"
Canada,Ottawa,Working visit; met with Prime Minister Mulroney.,10-Feb-89
Japan,Tokyo,"Attended the funeral of Emperor Hirohito. Met with Emperor Akihito of Japan; the Kings of Belgium, Jordan, and Spain; the Presidents of Brazil, Egypt, France, the Federal Republic of Germany, Israel, Italy, Nigeria, the Philippines, Portugal, and Zaire; and the Prime Ministers of Japan, Pakistan, Singapore, Thailand, and Turkey.","February 23–25, 1989"
"China, People’s Republic of",Beijing,Met with President Yang and Prime Minister Li. Also met with Prince Sihanouk of Cambodia.,"February 25–27, 1989"
"Korea, Republic of",Seoul,Official visit; addressed the National Assembly.,27-Feb-89
Italy,"Rome, Nettuno",Met with President Cossiga and Prime Minister De Mita.,"May 26–28, 1989"
Vatican City,,Audience with Pope John Paul II.,27-May-89
Belgium,Brussels,"Attended NATO Summit Meeting. Present were the Heads of State and Government of Canada, Denmark, France, Federal Republic of Germany, Greece, Iceland, Italy, Luxembourg, Norway, Portugal, Spain, Turkey, and the United Kingdom.","May 28–30, 1989"
"Germany, Federal Republic of","Bonn, Mainz",Met with Chancellor Kohl.,"May 30–31, 1989"
United Kingdom,London,Met with Queen Elizabeth II and Prime Minister Thatcher.,"May 31–June 2, 1989"
Poland,"Warsaw, Gdansk",Met with government and Solidarity leaders. Addressed the National Assembly on July 10.,"July 9–11, 1989"
Hungary,Budapest,Met with Hungarian officials and delivered an address at Karl Marx University.,"July 11–13, 1989"
France,Paris,"Attended Economic Summit Meeting of the Heads of State and Government of Canada, France, the Federal Republic of Germany, Italy, Japan, and the United Kingdom. Also attended ceremonies for the Bicentennial of the French Revolution, and met with Ivorian President Houphouet-Boigny.","July 13–17, 1989"
Netherlands,"The Hague, Leiden",Met with Queen Beatrix and Prime Minister Lubbers and delivered a public address.,"July 17–18, 1989"
Costa Rica,San Jose,Attended Hemispheric Summit Meeting.,"October 27–28, 1989"
Malta,"Valletta, Marsaxlokk Bay",Attended Summit Meeting (December 2-3) with Soviet Chairman Gorbachev. Met also with Maltese Prime Minister Fenech Adami.,"December 1–3, 1989"
Belgium,Brussels,Briefed NATO Heads of State and Government on the U.S.-Soviet Summit Meeting.,"December 3–4, 1989"
France,St. Martin Island (French West Indies),Informal meeting with President Mitterrand.,16-Dec-89
Colombia,Cartagena,"Attended Summit Meeting on the control of illicit drug trafficking, with the Presidents of Colombia, Bolivia, and Peru.",15-Feb-90
Canada,Toronto,Informal meeting with Prime Minister Mulroney.,10-Apr-90
United Kingdom,Bermuda,Informal meeting with Prime Minister Thatcher.,"April 13–14, 1990"
United Kingdom,London,Attended NATO Summit Meeting.,"July 5–6, 1990"
Finland,Helsinki,Summit Meeting with Soviet President Gorbachev. Issued joint statement on the Persian Gulf crisis. Also met with President Koivisto.,"September 8–9, 1990"
Czechoslovakia,Prague,"Attended ceremonies commemorating the first anniversary of the ""Velvet Revolution."" Addressed the Federal Assembly.",17-Nov-90
Germany,"Speyer, Ludwigshafen",Met with Chancellor Kohl.,18-Nov-90
France,Paris,Attended CSCE Summit Meeting and the signing of the Treaty on Conventional Armed Forces in Europe.,"November 18–21, 1990"
Saudi Arabia,"Jeddah, Dhahran",Met with King Fahd and the Amir of Kuwait. Addressed U.S. and British military personnel in eastern Saudi Arabia.,"November 21–22, 1990"
Egypt,Cairo,Discussed the Persian Gulf crisis with President Mubarak.,"November 22–23, 1990"
Switzerland,Geneva,Discussed the Persian Gulf crisis with Syrian President Assad.,23-Nov-90
Mexico,"Monterrey, Agualeguas",State Visit.,"November 26–27, 1990"
Brazil,Brasilia,Met with President Collor de Mello and addressed a Joint Session of the Brazilian Congress.,"December 3–4, 1990"
Uruguay,Montevideo,Met with President Lacalle and addressed a Joint Session of the Uruguayan Congress.,"December 4–5, 1990"
Argentina,Buenos Aires,Met with President Menem and addressed a Joint Session of the Argentinean Congress.,"December 5–6, 1990"
Chile,Santiago,Met with President Aylwin and addressed a Joint Session of the Chilean Congress.,"December 6–7, 1990"
Venezuela,Caracas,Met with President Perez.,"December 7–8, 1990"
Canada,Ottawa,Met with Prime Minister Mulroney and signed an Air Quality Agreement.,"March 13–14, 1991"
France,"Martinique, West Indies",Discussed the Middle East peace process with President Mitterrand.,14-Mar-91
United Kingdom,Bermuda,Discussed the Middle East peace process with Prime Minister Major.,"March 14–16, 1991"
Canada,Toronto,Informal meeting with Prime Minister Mulroney.,9-Jul-91
France,Rambouillet,Discussed further sanctions against Iraq with President Mitterrand.,14-Jul-91
United Kingdom,London,"Attended Economic Summit Meeting with the Heads of State and Government of Canada, France, Germany, Italy, Japan, and the United Kingdom. Also met with Soviet President Gorbachev.","July 14–18, 1991"
Greece,"Athens, Souda Bay",Met with Prime Minister Mitsotakis; addressed U.S. and Greek military personnel.,"July 18–20, 1991"
Turkey,"Ankara, Istanbul",Met with President Ozal.,"July 20–22, 1991"
U.S.S.R.,"Moscow, Kiev",Attended U.S.-Soviet Summit Meeting. Signed Strategic Arms Reduction Treaty. Addressed the Ukrainian Parliament.,"July 29–August 1, 1991"
Spain,Madrid,"Met with Prime Minister Gonzalez, Soviet President Gorbachev and attended the opening session of the Middle East Peace Conference.","October 29–30, 1991"
Italy,Rome,Attended NATO Summit Meeting.,"November 6–8, 1991"
Vatican City,,Audience with Pope John Paul II.,8-Nov-91
Netherlands,The Hague,Attended European Community Summit Meeting.,"November 8–9, 1991"
Australia,"Sydney, Canberra, Melbourne",Met with Prime Minister Keating and senior Australian officials; addressed the Australian Parliament.,"December 31, 1991–January 3, 1992"
Singapore,Singapore,Met with President Wee and Prime Minister Goh; attended a meeting of the ASEAN Business Council.,"January 3–5, 1992"
"Korea, Republic of",Seoul,"Met with President Roh and senior Korean officials, signed a science and technology agreement, addressed the Korean National Assembly, and visited U.S. military personnel.","January 5–7, 1992"
Japan,"Kyoto, Kashihara, Tokyo","Met with Emperor Akihito, Prime Minister Miyazawa, and senior Japanese officials.","January 7–10, 1992"
Panama,Panama City,Met with President Endara and delivered public addresses.,11-Jun-92
Brazil,Rio de Janeiro,Attended the Earth Summit Meeting.,"June 12–13, 1992"
Poland,Warsaw,Met with President Walesa and attended a memorial service for former Prime Minister Paderewski.,5-Jul-92
Germany,Munich,"Attended an Economic Summit Meeting with the Heads of State and Government of Canada, France, Germany, Italy, Japan, and the United Kingdom. Also met with Russian President Yeltsin.","July 5–8, 1992"
Finland,Helsinki,Attended a CSCE Summit Meeting.,"July 8–10, 1992"
Saudi Arabia,Riyadh,Met with King Fahd.,31-Dec-92
Somalia,"Mogadishu, Baidoa, Baledogle",Visited international relief workers and U.S. military personnel.,"December 31, 1992–January 2, 1993"
Russia,Moscow,Signed START II Treaty.,"January 2–3, 1993"
France,Paris,Discussed the Bosnian crisis with President Mitterrand.,3-Jan-93
Canada,Vancouver,Summit meeting with Russian President Yeltsin; also met with Prime Minister Mulroney.,"April 3–4, 1993"
Japan,Tokyo,"Attended Economic Summit Meeting with the Heads of State and Government of Canada, France, Germany, Italy, Japan, and the United Kingdom. Also met with Russian President Yeltsin.","July 6–10, 1993"
"Korea, Republic of",Seoul,"Met with President Kim, addressed the Korean National Assembly, and visited U.S. military personnel.","July 10–11, 1993"
Belgium,Brussels,Attended NATO Summit Meeting.,"January 9–11, 1994"
Czech Republic,Prague,"Met with the Presidents and Prime Ministers of the Czech Republic, Hungary, Poland, and Slovakia.","January 11–12, 1994"
Ukraine,Kiev,Met with President Kravchuk.,12-Jan-94
Russia,Moscow,Met with President Yeltsin and senior Russian officials. Signed nuclear disarmament agreement with Ukraine.,"January 12–15, 1994"
Belarus,Minsk,Met with Chairman Shushkevich.,15-Jan-94
Switzerland,Geneva,Met with Syrian President Assad.,"January 15–16, 1994"
Italy,"Rome, Nettuno",Met with Prime Minister Berlusconi and President Scalfaro. Visited U.S. Military Cemetery.,"June 2–4, 1994"
Vatican City,,Audience with Pope John Paul II.,2-Jun-94
United Kingdom,"Cambridge, London, Portsmouth","Visited U.S. Military Cemetery. Met with Prime Minister Major. Attended state dinner with Queen Elizabeth II and heads of state and government of Canada, Poland, the Czech Republic, Slovakia, Australia, New Zealand, Norway, and Belgium. Attended D-Day commemorative ceremonies.","June 4–5, 1994"
France,"Colleville, Paris",Attended D-Day memorial ceremonies. Met with President Mitterrand and senior French officials. Addressed the French National Assembly.,"June 6–8, 1994"
United Kingdom,Oxford,Received honorary degree from Oxford University.,8-Jun-94
Latvia,Riga,Met with the Presidents of the Baltic States.,6-Jul-94
Poland,Warsaw,Addressed the Polish Parliament and attended ceremonies commemorating the Warsaw Ghetto revolt.,"July 6–7, 1994"
Italy,Naples,"Met with the Prime Ministers of Italy, Japan, and Canada. Attended G-7 Economic Summit Meeting and met with President Yeltsin.","July 7–10, 1994"
Germany,"Bonn, Oggersheim, Berlin",Met with Chancellor Kohl and German political leaders. Delivered a public address at the Brandenburg Gate and attended deactivation ceremony for the Berlin Brigade.,"July 10–12, 1994"
Egypt,Cairo,Met with President Mubarak and PLO Chairman Arafat.,"October 25–26, 1994"
Jordan,"Aqaba, Wadi Arava, Amman",Attended signing of the Israel-Jordan peace agreement and addressed the Jordanian Parliament.,"October 26–27, 1994"
Syria,Damascus,Met with President Assad.,27-Oct-94
Israel,Jerusalem,Met with senior Israeli officials and addressed the Knesset.,"October 27–28, 1994"
Kuwait,Kuwait City,Met with the Amir of Kuwait and addressed U.S. military personnel.,28-Oct-94
Saudi Arabia,King Khalid Military City,Met with King Fahd.,28-Oct-94
Philippines,"Manila, Corregidor",State Visit.,"November 12–13, 1994"
Indonesia,"Jakarta, Bogor","Attended APEC Summit Meeting, followed by State Visit.","November 13–16, 1994"
Hungary,Budapest,Attended CSCE Summit Meeting.,5-Dec-94
Canada,Ottawa,State visit.,"February 23–24, 1995"
Haiti,Port-au-Prince,Attended transition ceremony for United Nations Mission in Haiti.,31-Mar-95
Russia,Moscow,Summit meeting. Attended VE Day ceremonies.,"May 9–11, 1995"
Ukraine,Kiev,State visit.,"May 11–12, 1995"
Canada,Halifax (Nova Scotia),"Attended Economic Summit Meeting with the Heads of State and Government of Canada, France, Germany, Italy, Japan, and the United Kingdom. Also met with Russian President Yeltsin.","June 15–17, 1995"
Israel,Jerusalem,Attended the funeral of Prime Minister Rabin.,"November 5–6, 1995"
United Kingdom,"London, Belfast, Londonderry","Met with Queen Elizabeth and Prime Minister Major; addressed Parliament, and delivered several public addresses in Northern Ireland.","November 28–December 1, 1995"
Ireland,Dublin,Met with President Robinson and Prime Minister Bruton.,"December 1–2, 1995"
Germany,Baumholder,Addressed U.S. military personnel and met with Chancellor Kohl.,2-Dec-95
Spain,Madrid,Attended European Union Summit Meeting.,"December 2–3, 1995"
France,Paris,Attended the signing of the Bosnian peace treaty.,14-Dec-95
Italy,Aviano,Met with U.S. military personnel.,13-Jan-96
Hungary,Taszar,Met with U.S. military personnel.,13-Jan-96
Bosnia-Herzegovina,Tuzla,Met with President Izetbegovic and addressed U.S. military personnel.,13-Jan-96
Croatia,Zagreb,Met with President Tudjman.,13-Jan-96
Egypt,Sharm el-Sheikh,Attended the Summit of the Peacemakers.,13-Mar-96
Israel,"Jerusalem, Tel Aviv",Discussed cooperation against terrorism with senior Israeli officials.,"March 13–14, 1996"
"Korea, Republic of",Cheju Island,Met with President Kim and proposed four-nation peace talks.,"April 15–16, 1996"
Japan,Tokyo,State visit. Issued joint statement on U.S.-Japanese security relations. Addressed the Diet and U.S. Navy personnel.,"April 16–18, 1996"
Russia,"St. Petersburg, Moscow",Attended G-7 summit on nuclear safety and held a summit meeting with President Yeltsin.,"April 18–21, 1996"
France,"Lyon, Perouges, Paris",Attended the G-7 Economic Summit Meeting and met with Russian Prime Minister Chernomyrdin and UN Secretary-General Boutrous-Ghali.,"June 27–29, 1996"
Australia,"Sydney, Canberra, Port Douglas",State Visit. Addressed joint meeting of Parliament and visited the Great Barrier Reef.,"November 19–23, 1996"
Philippines,"Manila, Subic Bay",Attended APEC Summit Meeting.,"November 24–25, 1996"
Thailand,Bangkok,State Visit.,"November 25–26, 1996"
Finland,Helsinki,Summit meeting with Russian President Yeltsin. Also met with President Ahtisaari.,"March 20–21, 1997"
Mexico,"Mexico, D.F., Tlaxcala",State Visit.,"May 5–7, 1997"
Costa Rica,San Jose,Attended a Summit Meeting of Presidents of the Central American Republics.,"May 7–9, 1997"
Barbados,Bridgetown,Attended a U.S.-Caribbean Community summit meeting.,"May 9–11, 1997"
France,Paris,Attended the signing of the NATO-Russia Founding Act.,"May 26–27, 1997"
Netherlands,"The Hague, Rotterdam",Attended U.S.-EU Summit Meeting and commemorated the 50th anniversary of the Marshall Plan.,"May 27–28, 1997"
United Kingdom,London,Met with Prime Minister Blair and attended a Cabinet meeting.,"May 28–29, 1997"
Spain,"Palma de Majorca, Madrid, Granada",Vacationed with King Juan Carlos I and Queen Sophia and attended a NATO Summit Meeting in Madrid.,"July 4–10, 1997"
Poland,Warsaw,Met with President Kwasniewski and former President Walesa.,"July 10–11, 1997"
Romania,Bucharest,Met with President Constantinescu and Romanian political leaders.,11-Jul-97
Denmark,Copenhagen,Met with Queen Margrethe II and Prime Minister Rasmussen.,"July 11–12, 1997"
Venezuela,Caracas,Met with President Caldera.,"October 12–13, 1997"
Brazil,"Brasilia, Sao Paulo, Rio de Janeiro",Met with President Cardosa; delivered several public addresses.,"October 13–15, 1997"
Argentina,"Buenos Aires, San Carlos de Bariloche",Met with President Menem; delivered several public addresses.,"October 15–18, 1997"
Canada,Vancouver,Attended APEC Economic Summit meeting.,"November 23–25, 1997"
Italy,Aviano,Stopped en route to and from Bosnia-Herzegovina.,22-Dec-97
Bosnia-Herzegovina,"Sarajevo, Tuzla",Met with the Bosnian Collective Presidency and with Bosnian Serb President Plavsic; visited U.S. military personnel.,22-Dec-97
Ghana,Accra,Met with President Rawlings; visited a Peace Corps project.,23-Mar-98
Uganda,"Kampala, Kisowera, Mukono, Wanyange, Entebbe","Met with President Museveni and with the Presidents of Ethiopia, Rwanda, Tanzania, Kenya, and the Congo.","March 23–25, 1998"
Rwanda,Kigali,Met with President Bizimungu; delivered a public address.,25-Mar-98
South Africa,"Cape Town, Johannesburg",Met with President Mandela; addressed joint session of Parliament.,"March 25–29, 1998"
Botswana,"Gaborone, Kasame",Met with President Masire; visited Chobe National Park.,"March 29–31, 1998"
Senegal,"Dakar, Thies, Goree Island",Met with President Diouf; visited Senegalese peacekeeping troops; delivered several public addresses.,"March 31–April 2, 1998"
Chile,Santiago,State visit; attended the Second Summit of the Americas.,"April 16–19, 1998"
Germany,"Berlin, Potsdam, Frankfurt, Eisenach",Met with Chancellor Kohl; commemorated 50th anniversary of the Berlin Airlift.,"May 12–14, 1998"
United Kingdom,"Birmingham, Weston-Under-Lizard, London",Attended G-8 Economic Summit and U.S.-EU Summit.,"May 14–18, 1998"
Switzerland,Geneva,Attended WTO meeting commemorating the 50th anniversary of GATT.,18-May-98
"China, People’s Republic of","Xian, Beijing, Shanghai, Guilin, Hong Kong",State visit.,"June 24–July 3, 1998"
Russia,Moscow,Summit meeting with President Yeltsin.,"September 1–3, 1998"
United Kingdom,"Belfast, Armagh, Omagh",Met with Prime Minister Blair and Northern Irish political leaders; addressed the Northern Ireland Assembly.,3-Sep-98
Ireland,"Dublin, Adare, Limerick, Ballybunion",Met with Prime Minister Ahern; delivered several public addresses; played golf.,"September 3–5, 1998"
Japan,Tokyo,Met with Emperor Akihito and Prime Minister Obuchi; addressed American Chamber of Commerce.,"November 19–20, 1998"
"Korea, Republic of","Seoul, Osan",Met with President Kim Dae Jung; addressed U.S. military personnel.,"November 20–22, 1998"
Israel,"Jerusalem, Masada",Met with Prime Minister Netanyahu and senior Israeli officials.,"December 12–15, 1998"
Palestinian Authority,"Gaza, Bethlehem, Erez",Addressed Palestine National Council; attended a meeting with Prime Minister Netanyahu and Chairman Arafat at Erez.,"December 14–15, 1998"
Jordan,Amman,Attended the funeral of King Hussein.,8-Feb-99
Mexico,Merida,State visit.,"February 14–15, 1999"
Nicaragua,"Managua, Posoltega, El Porvenir",Discussed reconstruction aid with President Aleman.,8-Mar-99
Honduras,"Soto Cano Air Base, Tegucigalpa",Discussed reconstruction aid with President Flores; addressed U.S. military personnel.,"March 8–9, 1999"
El Salvador,San Salvador,Addressed Legislative Assembly.,10-Mar-99
Guatemala,"Guatemala City, Antigua",Attended Central American Summit.,"March 10–11, 1999"
Belgium,Brussels,Discussed the Kosovo conflict with NATO officials.,4-May-99
Germany,"Frankfurt, Ramstein Air Force Base, Spangdahlem Air Force Base, Bonn, Ingelheim",Addressed U.S. military personnel; met with Chancellor Schroeder; met with Kosovo refugees.,"May 4–6, 1999"
Switzerland,Geneva,Addressed ILO Conference; met with President Dreifuss.,16-Jun-99
France,Paris,Discussed peacekeeping in Kosovo with President Chirac and Prime Minister Jospin.,"June 16–17, 1999"
Germany,"Cologne, Bonn",Attended G-8 Economic Summit meeting.,"June 17–21, 1999"
Slovenia,Ljubljana,"Met with President Kucan, Prime Minister Drnovsek, and President Djukanovic of Montenegro.","June 21–22, 1999"
"Macedonia, Former Yugoslav Republic of",Skopje,Met with President Gligorov; addressed Kosovar refugees and NATO military personnel.,22-Jun-99
Italy,Aviano,Addressed U.S. military personnel.,22-Jun-99
Morocco,Rabat,Attended the funeral of King Hassan II; met with Palestinian Authority President Arafat and Israeli Prime Minister Barak.,25-Jul-99
Italy,Aviano,Stopped en route to Sarajevo.,"July 29–30, 1999"
Bosnia-Herzegovina,Sarajevo,Attended Stability Pact Leaders Conference.,30-Jul-99
New Zealand,"Auckland, Queenstown, Christchurch",Attended Asia-Pacific Economic Cooperation Leaders meeting; State visit.,"September 11–15, 1999"
Canada,"Ottawa, Mont Tremblant","Working visit. Met with Prime Minister Chretien and Quebec Premier Bouchard, attended Federalism Conference at Mont Tremblant, and dedicated new Embassy building.","October 7–8, 1999"
Norway,Oslo,State visit. Attended commemorative ceremony for former Israeli Prime Minister Rabin; discussed Chechnya crisis with Russian Prime Minister Putin.,"November 1–2, 1999"
Turkey,"Ankara, Izmit, Ephesus, Istanbul",State visit and attended Organization for Security and Cooperation in Europe Summit meeting in Istanbul.,"November 15–19, 1999"
Greece,Athens,State visit. Met with Prime Minister Simitis.,"November 19–20, 1999"
Italy,Florence,Attended conference on Progressive Governance for the 21st Century.,"November 20–21, 1999"
Bulgaria,Sofia,Met with President Stoyanov and Prime Minister Kostov.,"November 21–23, 1999"
Serbia-Montenegro (Kosovo),"Pristina, Urosevac, Camp Bondsteel",Met with Kosovar Transisional Council; addressed the Albanian community and U.S. military personnel.,23-Nov-99
Switzerland,Davos,Addressed the World Economic Forum.,29-Jan-00
Italy,Aviano Air Base,Stopped en route to India.,18-Mar-00
India,"New Delhi, Agra, Jaipur, Hyderabad, Bombay",Met with President Narayanan; signed Joint Statement on Energy and the Environment; addressed the Indian Parliament.,"March 19–25, 2000"
Bangladesh,Dhaka,Met with President Ahmad and Prime Minister Hasina.,20-Mar-00
Pakistan,Islamabad,Met with President Tarar and General Musharraf; delivered radio address.,25-Mar-00
Oman,Muscat,Met with Sultan Qaboos bin Said en route from Pakistan to Switzerland.,25-Mar-00
Switzerland,Geneva,Met with President Assad of Syria.,"March 25–26, 2000"
Portugal,Lisbon,Attended U.S.-European Union Summit Meeting; met with Israeli Prime Minister Barak.,"May 30–June 1, 2000"
Germany,"Berlin, Aachen","Met with President Rau and Chancellor Schroeder; received Charlemagne Prize, and attended a Third Way Conference.","June 1–3, 2000"
Russia,Moscow,Summit meeting with President Putin; addressed the Duma.,"June 3–5, 2000"
Ukraine,Kiev,Met with President Kuchma.,5-Jun-00
Japan,Tokyo,Attended the funeral of former Prime Minister Obuchi.,8-Jun-00
Japan,Nago (Okinawa),Attended the G-8 Economic Summit.,"July 21–23, 2000"
Nigeria,"Abuja, Ushafa",Met with President Obasanjo and addressed the National Assembly.,"August 26–28, 2000"
Tanzania,Arusha,Met with former South African President Mandela to promote a peace agreement for Burundi; also met with President Mkapa.,"August 28–29, 2000"
Egypt,Cairo,Briefed President Mubarak on the Middle East Peace Process.,29-Aug-00
Colombia,Cartagena,Met with President Pastrana.,30-Aug-00
Egypt,Sharm el-Sheikh,Attended Israeli-Palestinian Summit Meeting.,"October 16–17, 2000"
Brunei Darussalam,Bandar Seri Begawan,Attended APEC Leaders' Meeting.,"November 14–16, 2000"
Vietnam,"Hanoi, Tien Chau, Ho Chi Minh City",Met with President Tran and delivered several public addresses.,"November 16–19, 2000"
Ireland,"Dublin, Dundalk",Met with Prime Minister Ahern and delivered several public addresses.,12-Dec-00
United Kingdom,"Belfast, London, Coventry","Met with Prime Minister Blair and Northern Irish political leaders in Belfast, met with Queen Elizabeth II, and made a speech at the University of Warwick.","December 12–14, 2000"
Mexico,San Cristobal,Meeting with President Fox.,16-Feb-01
Canada,Quebec,Attended the Summit of the Americas.,"April 20–22, 2001"
Spain,Madrid,Met with King Juan Carlos I and President Aznar.,"June 12–13, 2001"
Belgium,Brussels,Attended NATO Summit Meeting.,"June 13–14, 2001"
Sweden,Goteborg,Attended U.S.-European Union Summit Meeting; met with King Carl XVI Gustav.,"June 14–15, 2001"
Poland,Warsaw,State visit.,"June 15–16, 2001"
Slovenia,Kranj,Met with Prime Minister Drnovsek and Russian President Putin.,16-Jun-01
United Kingdom,"London, Chequers, Halton, Brize Norton",Met with Prime Minister Blair and Queen Elizabeth II.,"July 18–20, 2001"
Italy,"Genoa, Castel Gandolfo, Rome",Attended the G-8 Economic Summit. Met with Pope John Paul II at Castel Gandolfo and with Prime Minister Berlusconi and President Ciampi in Rome.,"July 20–24, 2001"
Yugoslavia (Kosovo),Camp Bondsteel,Addressed U.S. military personnel.,24-Jul-01
China,Shanghai,Attended the APEC Summit Meeting.,"October 18–21, 2001"
Japan,Tokyo,Met with Prime Minister Koizumi and Emperor Akihito. Addressed the Diet.,"February 17–19, 2002"
"Korea, Republic of","Seoul, Dorasan, Osan","Met with President Kin Dae-Jung, visited the Demilitarized Zone, addressed U.S. military personnel.","February 19–21, 2002"
China,Beijing,Met with President Jiang and Premier Zhu.,"February 21–22, 2002"
Mexico,Monterrey,Attended the International Conference on Financing for Development and met with President Fox.,"March 21–22, 2002"
Peru,Lima,"Met with the Presidents of Peru, Colombia, and Bolivia, and with the Vice President of Ecuador.","March 23–24, 2002"
El Salvador,San Salvador,Attended a summit meeting with Central American heads of state.,24-Mar-02
Germany,Berlin,Met with Chancellor Schroeder and addressed the Bundestag.,"May 22–23, 2002"
Russia,"Moscow, St. Petersburg",Summit meeting with President Putin. Signed strategic arms reduction treaty.,"May 23–26, 2002"
France,"Paris, St. Mere- Eglise, Colleville",Met with President Chirac and delivered a Memorial Day address in Normandy.,"May 26–27, 2002"
Italy,Rome,Met with President Ciampi and Prime Minister Berlusconi. Attended NATO Summit Meeting and inaugurated the NATO-Russia Council.,"May 27–28, 2002"
Vatican City,,Audience with Pope John Paul II.,28-May-02
Canada,Kananaskis (Alberta),Attended the G-8 Economic Summit.,"June 25–27, 2002"
Mexico,Los Cabos,Attended APEC Summit Meeting.,"October 26–27, 2002"
Czech Republic,Prague,Attended NATO and EAPC Summit Meetings.,"November 19–22, 2002"
Russia,St. Petersburg,Met with President Putin.,22-Nov-02
Lithuania,Vilnius,Met with the Presidents of the Baltic States.,"November 22–23, 2002"
Romania,Bucharest,Met with President Iliescu.,23-Nov-02
Portugal,Terceira Island (Azores),"Discussed the Iraq crisis with British Prime Minister Blair, Spanish President Aznar, and Portuguese Prime Minister Durao.",16-Mar-03
United Kingdom,"Belfast, Hillsborough (Northern Ireland)",Met with Prime Minister Blair to discuss the reconstruction of Iraq. Also met with Irish Prime Minister Ahern and Northern Irish political leaders.,"April 7–8, 2003"
Poland,"Krakow, Auschwitz-Birkenau",Met with President Kwasniewski and Prime Minister Miller; visited former Nazi concentration camps.,"May 30–31, 2003"
Russia,St. Petersburg,Met with President Putin and attended ceremonies commemorating the city’s 300th anniversary.,"May 31–June 1, 2003"
France,Evian-les-Bains,Attended the G-8 Economic Summit and met with Chinese President Hu Jintao.,"June 1–2, 2003"
Egypt,Sharm el-Sheikh,"Attended “Red Sea Summit” with the leaders of Bahrain, Egypt, Jordan, and Saudi Arabia, and with Palestinian Prime Minister Abbas.","June 2–3, 2003"
Jordan,Aqaba,Attended meetings with Israeli Prime Minister Sharon and Palestinian Prime Minister Abbas. Met with King Abdullah II.,4-Jun-03
Qatar,Doha,"Met with Emir Hamad Thani, visited U.S. Central Command headquarters and addressed U.S. military personnel. Overflew Baghdad en route to Qatar.","June 4–5, 2003"
Senegal,"Dakar, Goree Island",Met with President Wade.,8-Jul-03
South Africa,Pretoria,Met with President Mbeki.,"July 8–10, 2003"
Botswana,Gaborone,Met with President Mogae. Toured Mokoldi Nature Reserve.,10-Jul-03
Uganda,Kampala,Met with President Museveni.,11-Jul-03
Nigeria,Abuja,Met with President Obasanjo.,"July 11–12, 2003"
Japan,Tokyo,Met with Prime Minister Koizumi.,"October 17–18, 2003"
Philippines,Manila,Addressed a joint session of the Philippine Congress and met with President Arroyo-Macapagal.,"October 18–19, 2003"
Thailand,Bangkok,Attended the APEC Summit Meeting.,"October 18–21, 2003"
Singapore,Singapore,Met with Prime Minister Goh Chok Tong.,"October 21–22, 2003"
Indonesia,Denpasar (Bali),Met with President Sukarnoputri and Muslim religious leaders.,22-Oct-03
Australia,Canberra,Met with Prime Minister Howard and addressed Parliament.,22-Oct-03
United Kingdom,"London, Sedgefield",State Visit.,"November 18–21, 2003"
Iraq,Baghdad,Met with members of the Coalition Provisional Authority and the Iraqi Governing Council and addressed U.S. military personnel.,27-Nov-03
Mexico,Monterrey,Attended the Special Summit of the Americas.,"January 12–13, 2004"
Italy,Rome,Met with President Ciampi and Prime Minister Berlusconi.,"June 4–5, 2004"
Vatican City,,Met with Pope John Paul II.,4-Jun-04
France,"Paris, Colleville, Caen, Arromanches",Met with President Chirac and commemorated the 60th anniversary of D-Day.,"June 5–6, 2004"
Ireland,"Shannon, Dromoland Castle",Attended U.S.-EU Summit meeting and met with Prime Minister Ahern.,"June 25–26, 2004"
Turkey,"Ankara, Istanbul",Met with President Sezer and Prime Minister Erdogan and attended NATO Summit meeting in Istanbul.,"June 26–29, 2004"
Chile,Santiago,Attended APEC Summit Meeting.,"November 19–22, 2004"
Colombia,Cartagena,Met with President Uribe.,22-Nov-04
Canada,"Ottawa, Gatineau, Halifax",Met with Prime Minister Martin.,"November 30–December 1, 2004"
Belgium,Brussels,Attended NATO and EU Summit Meetings.,"February 20–23, 2005"
Germany,"Mainz, Wiesbaden",Met with Chancellor Schroeder and visited U.S. military personnel.,23-Feb-05
Slovakia,Bratislava,Met with Prime Minister Dzurinda and Russian President Putin.,"February 23–24, 2005"
Vatican City,,Attended the funeral of Pope John Paul II.,"April 6–8, 2005"
Italy,Rome,Met with President Ciampi and Prime Minister Berlusconi.,"April 6–8, 2005"
Latvia,Riga,Met with the presidents of the Baltic States.,"May 6–7, 2005"
Netherlands,"Maastricht, Valkenburg, Margraten",Met with Prime Minister Balkenende and gave an address at a U.S. military cemetery.,"May 7–8, 2005"
Russia,Moscow,Met with President Putin and attended ceremonies commemorating VE Day.,"May 8–9, 2005"
Georgia,Tbilisi,Met with President Saakashvili.,"May 9–10, 2005"
Denmark,"Kastrup, Fredensborg, Copenhagen",Met with Queen Margrethe II and Prime Minister Rasmussen.,"July 5–6, 2005"
United Kingdom,Gleneagles (Scotland),Attended the G-8 Economic Summit.,"July 6–8, 2005"
Argentina,Mar del Plata,Attended the Summit of the Americas.,"November 3–5, 2005"
Brazil,Brasilia,Met with President Lula da Silva.,"November 5–6, 2005"
Panama,Panama City,Met with President Martin Torrijos.,"November 6–7, 2005"
Japan,Kyoto,Met with Prime Minister Koizumi.,"November 15–16, 2005"
"Korea, Republic of","Pusan, Gyeongju, Osan",Attended APEC Summit meeting and met with Russian President Putin.,"November 16–20, 2005"
China,Beijing,Met with President Hu and Prime Minister Wen.,"November 20–21, 2005"
Mongolia,Ulaanbaatar,Met with President Enkhbayar and Prime Minister Elbegdorj.,21-Nov-05
Ireland,Shannon,Met with U.S. Marines who were en route to Iraq.,28-Feb-06
Afghanistan,"Bagram, Kabul","Met with President Karzai, dedicated new U.S. Embassy, and addressed U.S. military personnel.",1-Mar-06
India,"New Delhi, Hyderabad",Met with Prime Minister Singh. Signed nuclear cooperation agreement.,"March 1–3, 2006"
Pakistan,Islamabad,Met with President Musharraf.,"March 3–4, 2006"
Mexico,"Cancun, Chichen-Itza",Met with President Fox and Canadian Prime Minister Harper.,"March 30–31, 2006"
Iraq,Baghdad,Met with Prime Minister Maliki and addressed U.S. military personnel.,13-Jun-06
Austria,Vienna,Attended the U.S.-EU Summit.,"June 20–21, 2006"
Hungary,Budapest,"Met with President Solyom, Prime Minister Gyurcsany and commemorated the 50th anniversary of the Hungarian Uprising.","June 21–22, 2006"
Germany,"Stralsund, Trinwillershagen",Met with Chancellor Merkel.,"July 12–14, 2006"
Russia,St. Petersburg,"Attended the G-8 Economic Summit. Met with President Hu of China, July 16; and President Lula of Brazil and Prime Minister Singh of India, July 17.","July 14–17, 2006"
Russia,Moscow,Met with President Putin.,15-Nov-06
Singapore,Singapore,Met with Acting President Pillay and Prime Minister Lee. Addressed National Singapore University.,"November 16–17, 2006"
Vietnam,"Hanoi, Ho Chi Minh City",Attended APEC Leaders’ Meeting.,"November 17–20, 2006"
Indonesia,"Jakarta, Bogor",Met with President Yudhoyono.,20-Nov-06
Estonia,Tallinn,Met with President Ilves.,"November 27–28, 2006"
Latvia,Riga,Attended NATO Summit Meeting.,"November 28–29, 2006"
Jordan,Amman,Met with King Abdullah II and Iraqi Prime Minister al-Maliki.,"November 29–30, 2006"
Brazil,Sao Paulo,Met with President Lula da Silva.,"March 8–9, 2007"
Uruguay,Montevideo,Met with President Tabare Vazquez.,"March 9–11, 2007"
Colombia,Bogota,Met with President Uribe.,11-Mar-07
Guatemala,"Guatemala City, Santa Cruz Balanya, Iximche",Met with President Berger.,"March 11–12, 2007"
Mexico,"Merida, Uxmal",Met with President Calderon. Visited Mayan ruins.,"March 12–14, 2007"
Czech Republic,Prague,Met with President Klaus and Prime Minister Topolanek. Addressed Conference on Democracy and Security.,"June 4–5, 2007"
Germany,Heiligen-damm,Attended the G-8 Summit Meeting. Also met with Chinese President Hu Jintao.,"June 5–8, 2007"
Poland,"Gdansk, Jurata Hel.",Met with President Kaczynski.,8-Jun-07
Italy,Rome,Met with Prime Minister Prodi and President Napolitano.,"June 8–10, 2007"
Vatican City,,Audience with Pope Benedict XVI.,9-Jun-07
Albania,Tirana,Met with President Moisu and Prime Minister Berisha.,10-Jun-07
Bulgaria,Sofia,Met with President Parvanov and Prime Minister Stanishev.,"June 10–11, 2007"
Canada,"Montebello, Quebec",Attended North American Leaders’ Summit with Mexican President Calderon and Canadian Prime Minister Harper.,"August 20–21, 2007"
Iraq,Al-Assad Air Force Base,"Met with Gen. Petraeus, Secretary of State Rice, Secretary of Defense Gates, senior U.S. officials, and Iraqi political leaders.",3-Sep-07
Australia,Sydney,Attended APEC Leaders’ Meeting.,"September 3–8, 2007"
Israel,"Tel Aviv, Jerusalem",Met with Prime Minister Olmert and President Peres. Visited Yad Vashem.,"January 9–11, 2008"
Palestinian Authority,"Ramallah, Bethlehem",Met with President Abbas and visited the Church of the Nativity.,10-Jan-08
Kuwait,"Kuwait City, Camp Arifjan",Attended Roundtable on Democracy and Development. Met with Gen. Petraeus and Ambassador Crocker at Camp Arifjan and addressed U.S. military personnel.,"January 11–12, 2008"
Bahrain,Manama,Met with King Hamad bin Isa al –Khalifa. Addressed U.S. military personnel.,"January 12–13, 2008"
United Arab Emirates,"Abu Dhabi, Dubai",Met with President Khalifa bin Zayid al Nuhayyin and Crown Prince Sheikh Mohammed.,"January 13–14, 2008"
Saudi Arabia,"Riyadh, Al-Janadriyah",Met with King Abdullah.,"January 14–16, 2008"
Egypt,Sharm el-Sheikh,Met with President Mubarak.,16-Jan-08
Benin,Porto Novo,Met with President Boni.,16-Feb-08
Tanzania,"Dar es Salaam, Arusha","Met with President Kikwete, signed Millennium Challenge agreement.","February 16–19, 2008"
Rwanda,Kigali,Met with President Kagame and dedicated new Embassy.,19-Feb-08
Ghana,Accra,Met with President Kufuor.,"February 19–21, 2008"
Liberia,Liberia,Met with President Johnson Sirleaf.,21-Feb-08
Ukraine,Kyiv,Met with President Yushchenko and Prime Minister Tymoshenko.,"March 31–April 1, 2008"
Romania,Bucharest,"Met with President Basescu and Prime Minister Popescu-Tariceanu. Attended NATO, Euro-Atlantic Partnership Council, NATO-Ukraine Commission, and NATO-Russia Council Summit Meetings.","April 2–4, 2008"
Croatia,Zagreb,Met with President Mesic.,"April 4–5, 2008"
Russia,Sochi,Met with President Putin and President-elect Medvedev.,"April 5–6, 2008"
Israel,"Tel Aviv, Jerusalem, Masada",Met with President Peres and Prime Minister Olmert. Addressed the Knesset. Commemorated Israel’s 60th anniversary.,"May 14–16, 2008"
Saudi Arabia,"Riyadh, Al-Janadriyah",Met with King Abdullah.,"May 16–17, 2008"
Egypt,Sharm el-Sheikh,"Met with President Mubarak, King Abdullah II of Jordan, Palestinian Authority President Abbas and Prime Minister Fayyad, Afghan President Karzai and Pakistani Prime Minister Gilan. Addressed the World Economic Forum.","May 17–18, 2008"
Slovenia,Ljubljana,Met with President Turk and Prime Minister Jansa. Attended the EU-US Summit Meeting.,"June 9–10, 2008"
Germany,Meseberg,Met with Chancellor Merkel.,"June 10–11, 2008"
Italy,Rome,Met with President Napolitano and Prime Minister Berlusconi.,"June 11–13, 2008"
Vatican City,,Met with Pope Benedict XVI.,13-Jun-08
France,Paris,Met with President Sarkozy. Addressed the OECD. Attended wreath-laying ceremonies at Suresnes and Mont Valerien.,"June 13–15, 2008"
United Kingdom,"London, Belfast","Met with Queen Elizabeth II at Windsor Castle. Met with Prime Minister Blair and Quartet Representative Blair. In Belfast, met with First Minister Robertson and Deputy First Minister McGuinness.","June 15–16, 2008"
Japan,Toyako,"Attended the G-8 Economic Summit. Also met with Tanzanian President Kikwete, Indian Prime Minister Singh, Chinese President Hu, and South Korean President Lee.","July 6–9, 2008"
"Korea, Republic of","Seoul, Yongsan",Met with President Lee and addressed U.S. military personnel.,"August 5–6, 2008"
Thailand,Bangkok,Met with Prime Minister Samak and addressed Burmese activists.,"August 6–7, 2008"
China,Beijing,Attended opening ceremonies of the Olympic Games. Dedicated a new U.S. Embassy. Met with President Hu and Russian Prime Minister Putin.,"August 7–11, 2008"
Peru,Lima,Attended the APEC Summit Meeting and met with President Garcia.,"November 21–23, 2008"
Iraq,Baghdad,Met with President Talabani and Prime Minister Maliki. Signed Strategic Framework and Security Agreements. Visited U.S. military personnel.,14-Dec-08
Afghanistan,Kabul,Met with President Karzai and visited U.S. military personnel.,"December 14–15, 2008"
Canada,Ottawa,Met with Prime Minister Harper.,19-Feb-09
United Kingdom,London,Met with Queen Elizabeth II and Prime Minister Brown. Attended the G-20 Economic Summit Meeting.,"March 31–April 3, 2009"
France,Strasbourg,Attended the NATO Summit Meeting.,"April 3–4, 2009"
Germany,"Baden-Baden, Kehl",Attended a working dinner for NATO leaders.,"April 3–4, 2009"
Czech Republic,Prague,Attended U.S.-European Union Summit meeting.,"April 4–5, 2009"
Turkey,"Ankara, Istanbul",Met with President Gul and Prime Minister Erdogan; addressed the Grand National Assembly.,"April 5–7, 2009"
Iraq,Baghdad,Met with President Talabani and U.S. military personnel.,7-Apr-09
Mexico,Mexico City,Met with President Calderon.,"April 16–17, 2009"
Trinidad and Tobago,Port-of-Spain,Attended the Summit of the Americas.,"April 17–19, 2009"
Saudi Arabia,Riyadh,Met with King Abdullah.,"June 3–4, 2009"
Egypt,Cairo,Met with President Mubarak and delivered and address at Cairo University.,4-Jun-09
Germany,"Dresden, Weimar, Landstuhl","Met with Chancellor Merkel, visited the Buchenwald concentration camp and visited wounded U.S. military personnel.","June 4–5, 2009"
France,"Paris, Caen",Met with President Sarkozy and dedicated the new visitor center at the U.S. Military Cemetery in Normandy.,"June 5–7, 2009"
Russia,Moscow,Met with President Medvedev and Prime Minister Putin.,"July 6–8, 2009"
Italy,"Rome, L’Aquila","Attended the G-8 Summit Meeting. Also met with the leaders of Angola, Algeria, Australia, Brazil, China, Egypt, India, Mexico, Nigeria, Senegal, South Africa, and various international organizations.","July 8–10, 2009"
Vatican City,,Audience with Pope Benedict XVI.,10-Jul-09
Ghana,"Accra, Cape Coast",Met with President Mills and addressed Parliament.,"July 10–11, 2009"
Mexico,Guadalajara,Attended the North American Leaders’ Summit.,"August 9–10, 2009"
Denmark,Copenhagen,Addressed a session of the International Olympic Committee and met with Prime Minister Rasmussen.,2-Oct-09
Japan,Tokyo,Met with Emperor Akihito and Prime Minister Hatoyama.,"November 13–14, 2009"
Singapore,Singapore,Attended the APEC Leaders’ Meeting.,"November 14–15, 2009"
"China, People’s Republic of","Shanghai, Beijing","Met with President Hu, National People’s Congress Chairman Wu, and Premier Wen. Visited the Great Wall.","November 15–18, 2009"
"Korea, Republic of","Osan, Seoul",Met with President Lee.,"November 18–19, 2009"
Norway,Oslo,Met with King Harald V and Queen Sonja. Received the Nobel Peace Prize.,"December 10–11, 2009"
Denmark,Copenhagen,Attended the UN Climate Change Conference.,18-Dec-09
Afghanistan,"Kabul, Bagram",Met with President Karzai and addressed U.S. military personnel.,28-Mar-10
Czech Republic,Prague,"Signed Strategic Arms Reduction Treaty with Russia. Also met with the Presidents of the Czech Republic, Estonia, Latvia, and Romania; and with the Prime Ministers of Bulgaria, Croatia, the Czech Republic, Hungary, Lithuania, Poland, Slovakia, and Slovenia.","April 8–9, 2010"
Canada,"Muskoka, Toronto",Attended the G-8 and G-20 Economic Summit Meetings.,"June 25–27, 2010"
India,"Mumbai, New Delhi",Attended U.S.-India Business and Entrepreneurship Summit in Mumbai. Met with Prime Minister Singh and President Patil. Addressed the Indian Parliament.,"November 6–9, 2010"
Indonesia,Jakarta,Met with President Yudhoyono.,"November 9–10, 2010"
"Korea, Republic of",Seoul,Met with President Lee; attended the G-20 Summit Meeting.,"November 10–12, 2010"
Japan,"Yokohama, Kamakura",Attended the Asia-Pacific Economic Cooperation’s CEO Summit Meetings.,"November 12–14, 2010"
Portugal,Lisbon,Attended the NATO and U.S.-European Union Summit Meetings.,"November 19–20, 2010"
Afghanistan,Bagram,Met with the leaders of the U.S. military and diplomatic missions and visited U.S. military personnel.,3-Dec-10
Brazil,"Brasilia, Rio de Janeiro",Met with President Roussef.,"March 19–21, 2011"
Chile,Santiago,Met with President Pinera.,"March 21–22, 2011"
El Salvador,San Salvador,Met with President Funes.,"March 22–23, 2011"
Ireland,"Dublin, Farmleigh, Moneygall",Met with President McAleese and Prime Minister Kenny. Visited ancestral home.,23-May-11
United Kingdom,London,"Met with Queen Elizabeth II, Prime Minister Cameron, and Labour Party leader Miliband.","May 23–26, 2011"
France,"Deauville, Paris",Attended the G-8 Economic Summit.,"May 26–27, 2011"
Poland,Warsaw,Met with President Komorowski and Prime Minister Tusk.,"May 27–28, 2011"
France,Cannes,Attended the G-20 Summit Meeting.,"November 3–4, 2011"
Australia,"Canberra, Darwin",Met with Prime Minister Gillard. Announced a new military cooperation agreement.,"November 16–17, 2011"
Indonesia,Bali,Attended the ASEAN and East Asia Summit Meetings.,"November 17–20, 2011"
"Korea, Republic of",Seoul,Attended the Nuclear Security Summit. Met with President Lee Myung-bak and visited the Demilitarized Zone.,"March 25–27, 2012"
Colombia,Cartagena,Attended the Summit of the Americas.,"April 13–15, 2012"
Afghanistan,Kabul,Met with President Karzai and addressed U.S. military personnel. Signed a long-term strategic partnership agreement.,"May 1–2, 2012"
Mexico,Cabo San Lucas,Attended the G-20 Economic Summit meeting.,"June 17–19, 2012"
Thailand,Bangkok,Met with King Bhumibol Adulyadej and Prime Minister Yingluck Shinawatra.,"November 18–19, 2012"
Burma,Rangoon,"Met with President Thein Sein, National League for Democracy leader Aung San Suu Kyi, and representatives of Burmese civil society.",19-Nov-12
Cambodia,Phnom Penh,"Met with Prime Minister Hun Sen and a U.S.-ASEAN Leaders’ meeting, a Trans-Pacific Partnership meeting, and the East Asia Summit meeting.",19-Nov-12
Israel,"Tel Aviv, Jerusalem",Met with President Shimon Peres and Prime Minister Benjamin Netanyahu.,"March 20–22, 2013"
Palestinian Authority,"Ramallah, Al-Bireh, Bethlehem",Met with President Mahmoud Abbas.,"March 21–22, 2013"
Jordan,"Amman, Petra",Met with King Abdullah II.,"March 22–24, 2013"
Mexico,Mexico City,Met with President Enrique Pena Nieto.,"May 2–3, 2013"
Costa Rica,San Jose,Met with President Laura Chinchilla and leaders of the Central American Integration System.,"May 3–4, 2013"
United Kingdom (Northern Ireland),"Belfast, Enniskillen",Attended the G-8 Economic Summit Meeting.,"June 16–18, 2013"
Germany,Berlin,Met with President Joachim Gauck and Chancellor Angela Merkel.,"June 18–19, 2013"
Senegal,Dakar,Met with President Macky Sall.,"June 26–28, 2013"
South Africa,"Johannesburg, Pretoria, Cape Town",Met with President Jacob Zuma and with members of the Mandela family. Visited Robben Island.,"June 28–July 1, 2013"
Tanzania,Dar es Salaam,Met with President Jakaya Kikwete. Laid a wreath at the memorial to the 1998 Embassy bombing.,"July 1–2, 2013"
Senegal,Dakar,Stopped during return to Washington.,2-Jul-13
Sweden,Stockholm,Met with King Carl XVI Gustaf and Prime Minister John Fredrik Reinfeldt.,"September 4–5, 2013"
Russia,St. Petersburg,Attended the G-20 Economic Summit.,"September 5–6, 2013"
South Africa,Johannesburg,Attended memorial service for former President Nelson Mandela.,"December 9–11, 2013"
Mexico,Toluca,Attended the North American Leaders Summit.,14-Feb-14
Netherlands,"The Hague, Amsterdam","Attended the World Forum the Nuclear Security Summit, and a G-7 meeting on the Ukrainian crisis. Met with King Willem-Alexander and President Nursultan Nazarbayev of Kazakhstan.","March 24–25, 2014"
Belgium,"Waregem, Brussels",Attended a wreath-laying ceremony at the Flanders Field American Cemetery. Attended a meeting of the Council of the European Union.,"March 25–26, 2014"
Italy,Rome,Met with President Giorgio Napolitano and Prime Minister Matteo Renzi. Toured the Colosseum.,"March 26–28, 2014"
Vatican City,,Audience with Pope Francis and a meeting with Secretary of State Cardinal Pietro Parolin.,27-Mar-14
Saudi Arabia,"Riyadh, Rawdat Khurain",Met with King Abdullah bin Abdel Aziz al-Saud.,"March 28–29, 2014"
Germany,Ramstein Air Force Base,Visited wounded U.S. military personnel.,29-Mar-14
Japan,Tokyo,Met with Prime Minister Shinzo Abe and Emperor Akihito. Toured the National Museum of Emerging Science and Innovation. Toured the Meiji Jingu Shrine.,"April 22–25, 2014"
"Korea, Republic of",Seoul,"Met with President Park Geun-hye, attended a wreath-laying ceremony at the National War Memorial, and visited U.S. military personnel.","April 25–26, 2014"
Malaysia,Kuala Lumpur,"Met with Prime Minister Najib Razak, toured the National Mosque and the Malaysian Global Innovation and Creativity Center.","April 26–28, 2014"
Philippines,"Manila, Taguig",Met with President Benigno S. Aquino 3rd. Attended a wreath-laying ceremony at the American Manila Cemetery.,"April 28–29, 2014"
Afghanistan,Bagram,Toured the Joint Operating Center and met with U.S. military personnel.,25-May-14
Germany,Ramstein Air Force Base,Stopped while returning to Washington.,26-May-14
Poland,Warsaw,Met with President Bronislaw Komorowski. Attended a Solidarity Dinner and a Freedom Day commemoration.,"June 3–4, 2014"
Belgium,Brussels,Met with King Philippe and Prime Minister Elio Di Rupo. Attended meetings of the G-7 leaders.,"June 4–5, 2014"
France,"Paris, Omaha Beach, Benouville, Ouistreham",Met with President Francois Hollande. Attended ceremonies commemorating the 70th anniversary of the Normandy landings. Discussed the Ukrainian situation with Russian President Vladimir Putin.,"June 5–6, 2014"
Estonia,Tallinn,Met with President Toomas Ilves and Prime Minister Taavi Roivas.,3-Sep-14
United Kingdom (Wales),"Newport, Cardiff",Attended a NATO Summit Meeting. Also visited Stonehenge.,"September 3–5, 2014"
"China, People’s Republic of",Beijing,Attended the Asia Pacific Economic Cooperation CEO Summit Meeting and the Trans Pacific Partnership Leaders Meeting.,"November 10–12, 2014"
Burma,"Nay Pyi Taw, Rangoon",Attended a United States-Association of Southeast Asian Naations Summit Meeting.,"November 12–14, 2014"
Australia,Brisbane,Attended a G-20 Summit Meeting.,"November 15–16, 2014"
Germany,Ramstein Air Force Base,Stopped en route to India.,24-Jan-15
India,New Delhi,Met with President Pranab Mukherjee and Prime Minister Narendra Modi.,"January 24–27, 2015"
Saudi Arabia,Riyadh,Met with King Salman bin Abdel Aziz al-Saud and senior officials.,27-Jan-15
Germany,Ramstein Air Force Base,Stopped while returning to Washington.,27-Jan-15
Jamaica,Kingston,Attended a CARICOM meeting.,"April 8–9, 2015"
Panama,Panama City,Attended a Summit of the Americas meeting.,"April 9–11, 2015"
Germany,"Munich, Krun, Elmau",Attended the G-7 Summit Meeting.,"June 7–8, 2015"
Germany,Ramstein Air Force Base,"Stopped en route to Nairobi, Kenya.",24-Jul-15
Kenya,Nairobi,Attended Global Entrepreneurship Summit and met with President Uhuru Kenyatta. Attended a State dinner.,"July 24–26, 2015"
Ethiopia,Addis Ababa,Attended a meeting on South Sudan and Counterterrorism Issues and met with Prime Minister Hailemariam Desalegn (State dinner). Addressed the African Union.,"July 26–28, 2015"
Germany,Ramstein Air Force Base,"Stopped en route from Addis Ababa, Ethiopia.",28-Jul-15
Turkey,Antalya,Attended the G-20 Economic Summit.,"November 15–16, 2015"
Philippines,Manila,"Attended the Trans-Pacific Partnership, Pacific Alliance, and APEC Summit Meetings.","November 17–20, 2015"
Malaysia,Kuala Lumpur,Attended ASEAN Summit Meeting.,"November 20–22, 2015"
France,Paris,Attended the UN Climate Change Conference.,"November 30–December 1, 2015"
Cuba,Havana,Met with President Raul Castro.,"March 20–22, 2016"
Argentina,"Buenos Aires, San Carlos de Bariloche",Met with President Mauricio Macri. Toured Llao Llao Park.,"March 23–24, 2016"
Germany,Ramstein Air Force Base,Stopped en route to Saudi Arabia.,19-Apr-16
Saudi Arabia,Riyadh,Met with King Salman bin Abd-al Aziz Al Saud and attended the U.S.-Gulf Cooperation Council Summit.,"April 20–21, 2016"
United Kingdom,London,Met with Queen Elizabeth II and Prime Minister David W. D. Cameron.,"April 21–24, 2016"
Germany,Hannover,"Met with Chancellor Angela Merkel, French President Francois Hollande, Italian Prime Minister Matteo Renzi, and British Prime Minister David W. D. Cameron.","April 24–25, 2016"
Japan,Yokota Air Force Base,Stopped en route to Vietnam.,22-May-16
Vietnam,"Hanoi, Ho Chi Minh City",Met with President Tran Dai Quang and Prime Minister Nguyen Xuan Phuc.,"May 23–25, 2016"
Japan,"Shima City, Ise, Iwakuni, Hiroshima",Attended the G-7 Economic Summit. Attended ceremonies at the Hiroshima Peace Memorial Park.?.,"May 25–29, 2016"
Canada,Ottawa,Attended the North American Leaders Summit.,29-Jun-16
Poland,Warsaw,Attended a NATO Summit Meeting and a NATO leaders’ meeting on Afghanistan.,"July 7–9, 2016"
Spain,"Madrid, Torrejon Air Base, Rota",Met with Spanish political leaders at Torrejon Air Base and visited Naval Station Rota.,"July 9–10, 2016"
"China, People’s Republic of",Hangzhou,Attended the G-20 Summit Meeting.,"September 3–5, 2016"
Laos,"Vientiane, Luang Prabang",Met with President Bounnyang Vorachit and attended an East Asia Summit Meeting.,"September 5–9, 2016"
Japan,Yokota Air Force Base,Stopped while returning to the United States.,9-Sep-16
Israel,Jerusalem,Attended the state funeral of former President Shimon Peres.,30-Sep-16
Greece,Athens,Met with President Prokopios Pavlopoulis and Prime Minister Alexios Tsipras.,"November 15–16, 2016"
Germany,Berlin,"Met with Chancellor Angela Merkel, French President Francois Hollande, Spanish Prime Minister Mariano Rajoy, Italian Prime Minister Matteo Renzi, and British Prime Minister Theresa May.","November 16–18, 2016"
Peru,Lima,Met with President Pedro Pablo Kuczynski and attended Trans-Pacific Partnership and APEC Summit Meetings.,"November 18–20, 2016"
Saudi Arabia,Riyadh,Met with King Salman bin Abdel Aziz Al-Saud. Signed military sales agreement. Met with leaders of the Gulf Cooperation Council.,"May 20–22, 2017"
Israel,Jerusalem,Met with President Reuven Rivlin and Prime Minister Benjamin Netanyahu. Visited the Western Wall and Yad Vashem.,"May 22–23, 2017"
Palestinian Authority,Bethlehem,Met with President Mahmoud Abbas.,23-May-17
Italy,Rome,Met with President Sergio Mattarella and Prime Minister Paolo Gentiloni.,"May 23–24, 2017"
Vatican City,,Met with Pope Francis and Secretary of State Cardinal Pietro Parolin.,24-May-17
Belgium,Brussels,Attended a NATO Summit Meeting.,"May 24–25, 2017"
Italy,"Taormina, Sigonella",Attended the G–7 Summit Meeting. Stopped at NAS Sigonella while returning to the United States.,"May 25–27, 2017"
Poland,Warsaw,"Met with President Andrzej Duda, delivered a public address, and addressed the Three Seas Summit.","July 5–6, 2017"
Germany,Hamburg,Attended the G–20 Summit.,"July 6–8, 2017"
France,Paris,Official visit. Met with President Emmanuel Macron. Commemorated Bastille Day and the entry of the United States into World War I.,"July 13–14, 2017"
Japan,"Kawagoe, Tokyo",Met with Prime Minister Shinz? Abe and Emperor Akihito.,"November 5–7, 2017"
"Korea, Republic of","Osan, Seoul",Met with President Moon Jae-in. Visited U.S. Military personnel at Garrisons Humphreys and Yongsan.,"November 7–8, 2017"
"China, People’s Republic of",Beijing,Met with President Xi Jinping. State Dinner.,"November 8–10, 2017"
Vietnam,"Danang, Hanoi",Attended the APEC Economic Leaders Meeting. Met with President Tran Dai Quang.,"November 10–12, 2017"
Philippines,Manila,Met with President Rodrigo Duterte and attended the 31st ASEAN Summit Meeting.,"November 12–14, 2017"
Switzerland,Davos,Attended the 2018 World Economic Forum.,"January 24–26, 2018"
Canada,Charlevoix,Attended the G–7 meetings.,9-Jun-18
Singapore,Singapore,Participated in the summit with North Korean leader Kim Jong-un and bilateral events with Singaporean Prime Minister Lee Hsien Loong.,"June 10–13, 2018"
Belgium,Brussels,Attended NATO Summit Meeting.,"July 10–12, 2018"
United Kingdom,London,Met with Queen Elizabeth II and Prime Minister Theresa May.,"July 12–13, 2018"
Finland,Helsinki,Bilateral meeting with Russian President Vladimir Putin.,16-Jul-18
France,Paris,Commemorated the 100th anniversary of the end of the WWI and met with French President Emmanuel Macron.,"November 10–11, 2018"
Argentina,Buenos Aires,Participated in the G–20 Leaders’ Summit.,"November 29–December 1, 2018"
Vietnam,Hanoi,Attended the second North Korea-U.S. summit.,"February 27–28, 2019"
Japan,Tokyo,State Visit following the enthronement of Emperor Naruhito.,"May 25–28, 2019"
United Kingdom,London,State Visit.,"June 3–5, 2019"
France,"Colleville-sur-Mer, Caen",Attended remembrance ceremony on the 75th Anniversary of D-Day.,6-Jun-19
Japan,Osaka,Participated in the G–20 Leaders’ Summit.,"June 28–30, 2019"
"Korea, South",Seoul,"Met with President Moon Jae-in, and crossed briefly into North Korean territory where he was photographed with and spoke to Chairman Kim Jong-un.",30-Jun-19
France,Biarritz,Attended the G–7 Summit Meeting.,"August 24–26, 2019"
Afghanistan,Bagram,Visited U.S. troops at Bagram Airfield.,28-Nov-19
United Kingdom,London,Led U.S. delegation to attend the NATO Leaders Meeting.,"December 3–4, 2019"
Switzerland,Davos,Attended the 2020 World Economic Forum.,"January 21–22, 2020"
India,New Delhi,Met with Prime Minister Narendra Modi.,"February 24–25, 2020"
United Kingdom,"London, Cornwall",Met with Prime Minister Boris Johnson and Queen Elizabeth II. Attended the G7 Summit.,"June 9–13, 2021"
Belgium,Brussels,Met with King Philippe and Prime Minister Alexander De Croo. Attended the NATO Summit.,"June 13–15, 2021"
Switzerland,Geneva,Met with President Guy Parmelin and Foreign Minister Ignazio Cassis. Attended a summit meeting with Russian President Vladimir Putin.,"June 15–16, 2021"
Vatican City,,Met with Pope Francis.,29-Oct-21
Italy,Rome,"Attended the G20 Leader's Summit. Met with Prime Minister Mario Draghi, President Emmanuel Macron, Chancellor Angela Merkel, and Prime Minister Boris Johnson.","October 29–November 1, 2021"
United Kingdom,Glasgow,Attended the United Nations Climate Change Conference.,"November 1–2, 2021"
United Kingdom,Glasgow,"Attended World Leader Summit at the start of the COP26, the 26th Conference of the Parties to the U.N. Framework Convention on Climate Change.","November 1–2, 2021"
Belgium,Brussels,Attended the NATO Extraordinary Summit.,"March 24–25, 2022"
Poland,"Rzeszow, Warsaw",Met with President Andrzej Duda.,"March 25–26, 2022"
"Korea, South",Seoul,Met with President Yoon Suk Yeol.,"May 19–21, 2022"
Japan,Tokyo,Met with Japanese Prime Minister Kishida Fumio and attended the Quad Leaders’ Summit.,"May 21–24, 2022"
Germany,Schloss Elmau,Attended the G7 Leaders’ Summit.,"June 25–28, 2022"
Spain,Madrid,Met with Prime Minister Pedro Sánchez Perez-Castejon and participated in the Madrid NATO Summit.,"June 28–30, 2022"
Israel,Jerusalem,Consulted with regional partners.,"July 13–15, 2022"
West Bank,Ramallah,Consulted with regional partners.,15-Jul-22
Saudi Arabia,Jeddah,Met with King Salman bin Abd al-Aziz Al Saud and Crown Prince Muhammad bin Salman bin Abd al-Aziz Al Saud. Attended Summit of the Gulf Cooperation Council.,"July 15–16, 2022"
Egypt,Sharm el-Sheikh,Attended the 2022 United Nations Climate Change Conference.,11-Nov-22
Cambodia,Phnom Penh,Participated in the U.S.-ASEAN and East Asia Summits.,"November 12–13, 2022"
Indonesia,Bali,Participated in the G20 Leaders’ Summit.,"November 13–16, 2022"
Mexico,Mexico City,Attended the North American Leaders' Summit.,"January 8–10, 2023"
Ukraine,Kyiv,Met with President Zelensky to mark the one-year anniversary of Russia’s invasion of Ukraine.,20-Feb-23
Poland,Warsaw,Met with President Andrzej Duda and attended summit with leaders of the Bucharest Nine Eastern Flank NATO Allies and NATO Secretary General Jens Stoltenberg.,"February 21–22, 2023"
United Kingdom,Belfast,Commemorated the 25th Anniversary of the Belfast/Good Friday Agreement.,"April 11–12, 2023"
Ireland,Dublin,Met with Prime Minister Leo Varadkar and President Michael D. Higgins.,"April 12–14, 2023"
Japan,Hiroshima,Attended the G7 Summit and participated in other bilateral and multilateral meetings.,"May 18–21, 2023"
United Kingdom,London,Met with Prime Minister Rishi Sunak and King Charles III.,"July 9–10, 2023"
Lithuania,Vilnius,Attended NATO Summit.,"July 11–12, 2023"
Finland,Helsinki,"Met with the President of Finland and the Prime Ministers of Denmark, Iceland, Norway, and Sweden for the third U.S.-Nordic Leaders’ Summit",13-Jul-23
India,New Delhi,Met with Prime Minister Narendra Modi and attended the G20 Leaders' Summit.,"September 7–10, 2023"
Vietnam,Hanoi,Met with President Vo Van Thuong and Prime Minister Pham Minh Chinh.,"September 10–11, 2023"
Israel,Tel Aviv,Met with Prime Minister Benjamin Netanyahu.,18-Oct-23
